{
  "search_sizes": [
    10,
    100,
    1000,
    5000,
    10000
  ],
  "stats_hash": {
    "Random": {
      "mean": [
        0.0,
        0.0,
        0.0009997572217668807,
        0.003564868654523577,
        0.006433078220912388
      ],
      "min": [
        0.0,
        0.0,
        0.0,
        0.002973794937133789,
        0.0059947967529296875
      ],
      "max": [
        0.0,
        0.0,
        0.0019989013671875,
        0.005002021789550781,
        0.007030010223388672
      ],
      "std": [
        0.0,
        0.0,
        0.0005342294655273658,
        0.0007291282804652223,
        0.000494691027505708
      ]
    },
    "Sequential": {
      "mean": [
        0.0,
        0.0,
        0.0004283360072544643,
        0.002281257084437779,
        0.004719700132097516
      ],
      "min": [
        0.0,
        0.0,
        0.0,
        0.001971006393432617,
        0.0039997100830078125
      ],
      "max": [
        0.0,
        0.0,
        0.0009999275207519531,
        0.0030002593994140625,
        0.005031585693359375
      ],
      "std": [
        0.0,
        0.0,
        0.0004945999331120386,
        0.00045468795217617255,
        0.00045457647241972947
      ]
    },
    "Clustered": {
      "mean": [
        0.0,
        0.0,
        0.00014284678867885044,
        0.0024216515677315848,
        0.005147014345441546
      ],
      "min": [
        0.0,
        0.0,
        0.0,
        0.001968860626220703,
        0.0049970149993896484
      ],
      "max": [
        0.0,
        0.0,
        0.0009999275207519531,
        0.0030164718627929688,
        0.0060024261474609375
      ],
      "std": [
        0.0,
        0.0,
        0.00034990174365836043,
        0.000505011562601347,
        0.0003493672285356569
      ]
    },
    "Mixed": {
      "mean": [
        0.0,
        0.000286034175327846,
        0.000432934079851423,
        0.0028657913208007812,
        0.005862508501325335
      ],
      "min": [
        0.0,
        0.0,
        0.0,
        0.0020303726196289062,
        0.0049970149993896484
      ],
      "max": [
        0.0,
        0.0010020732879638672,
        0.0010306835174560547,
        0.0030298233032226562,
        0.006997823715209961
      ],
      "std": [
        0.0,
        0.0004522600286277038,
        0.0004999995718829161,
        0.00034150380183660585,
        0.0006402915417980607
      ]
    },
    "Missing": {
      "mean": [
        0.0,
        0.0,
        0.0004286766052246094,
        0.0020003318786621094,
        0.003993579319545201
      ],
      "min": [
        0.0,
        0.0,
        0.0,
        0.001998424530029297,
        0.003000020980834961
      ],
      "max": [
        0.0,
        0.0,
        0.001001119613647461,
        0.002004861831665039,
        0.00500035285949707
      ],
      "std": [
        0.0,
        0.0,
        0.00049499330917489,
        1.9947529471732987e-06,
        0.0005347011985079897
      ]
    }
  },
  "stats_linear": {
    "Random": {
      "mean": [
        0.005428484507969448,
        0.05299288885934012,
        0.5063094411577497,
        2.4692680154527937,
        4.863854782921927
      ],
      "min": [
        0.004996538162231445,
        0.049001216888427734,
        0.49228668212890625,
        2.4296817779541016,
        4.801317930221558
      ],
      "max": [
        0.008002758026123047,
        0.06038856506347656,
        0.5449995994567871,
        2.529151678085327,
        4.942138910293579
      ],
      "std": [
        0.0010509435079704965,
        0.004217889324527689,
        0.017012951408355487,
        0.032382256289025704,
        0.05277304839363594
      ]
    },
    "Sequential": {
      "mean": [
        0.00600017820085798,
        0.050000905990600586,
        0.4932582037789481,
        2.3902297701154436,
        4.862819296973092
      ],
      "min": [
        0.004999399185180664,
        0.04802513122558594,
        0.48099851608276367,
        2.3614680767059326,
        4.78325343132019
      ],
      "max": [
        0.007001399993896484,
        0.05597734451293945,
        0.5039982795715332,
        2.4342222213745117,
        4.972426891326904
      ],
      "std": [
        0.0009262682024203274,
        0.002496297307791949,
        0.0071207280360671525,
        0.025262505967499998,
        0.05793227348051586
      ]
    },
    "Clustered": {
      "mean": [
        0.005717141287667411,
        0.054142543247767856,
        0.4988574981689453,
        2.414553710392543,
        5.206632477896554
      ],
      "min": [
        0.00400090217590332,
        0.04800009727478027,
        0.490985631942749,
        2.3704938888549805,
        4.846778154373169
      ],
      "max": [
        0.007996559143066406,
        0.08497929573059082,
        0.5200014114379883,
        2.4894533157348633,
        5.605537176132202
      ],
      "std": [
        0.0011599455246810541,
        0.012611933258257334,
        0.009698696836760425,
        0.04027591436666056,
        0.3090226695368705
      ]
    },
    "Mixed": {
      "mean": [
        0.005285978317260742,
        0.05171404566083636,
        0.4737168720790318,
        2.3399546486990794,
        4.89556496483939
      ],
      "min": [
        0.004966020584106445,
        0.045999765396118164,
        0.4600255489349365,
        2.308506488800049,
        4.740172386169434
      ],
      "max": [
        0.006031513214111328,
        0.06599807739257812,
        0.4851534366607666,
        2.3692123889923096,
        5.252006530761719
      ],
      "std": [
        0.00046290297094590897,
        0.0073427306725938725,
        0.007672822607386023,
        0.021594461051809673,
        0.1882764004014115
      ]
    },
    "Missing": {
      "mean": [
        0.004999331065586635,
        0.0482856205531529,
        0.46035640580313547,
        2.272514854158674,
        4.548596961157663
      ],
      "min": [
        0.003999948501586914,
        0.0460200309753418,
        0.45599842071533203,
        2.2518699169158936,
        4.529716491699219
      ],
      "max": [
        0.00599980354309082,
        0.0540010929107666,
        0.47300076484680176,
        2.30049729347229,
        4.594516277313232
      ],
      "std": [
        0.0005344849683395084,
        0.002543328752530201,
        0.005554577171847438,
        0.01668635030790704,
        0.02146396901094702
      ]
    }
  }
}