{
  "search_sizes": [
    10,
    100,
    1000,
    5000,
    10000
  ],
  "stats_hash": {
    "Random": {
      "mean": [
        0.0,
        0.00014332362583705356,
        0.0008649485451834542,
        0.003421987806047712,
        0.006283453532627651
      ],
      "min": [
        0.0,
        0.0,
        0.0,
        0.0029740333557128906,
        0.005985736846923828
      ],
      "max": [
        0.0,
        0.001003265380859375,
        0.0010464191436767578,
        0.003998994827270508,
        0.007004737854003906
      ],
      "std": [
        0.0,
        0.0003510697513863568,
        0.0003537376402822299,
        0.0004924276780182974,
        0.00045417071545860653
      ]
    },
    "Sequential": {
      "mean": [
        0.00014298302786690847,
        0.0002855913979666574,
        0.0004988738468715123,
        0.002147878919328962,
        0.004430498395647321
      ],
      "min": [
        0.0,
        0.0,
        0.0,
        0.001975536346435547,
        0.003998756408691406
      ],
      "max": [
        0.0010008811950683594,
        0.0010001659393310547,
        0.0010001659393310547,
        0.00302886962890625,
        0.004998445510864258
      ],
      "std": [
        0.00035023546015207363,
        0.00045155976125810774,
        0.0004591014531239491,
        0.0003600415437996667,
        0.0004915420223586437
      ]
    },
    "Clustered": {
      "mean": [
        0.0,
        0.0,
        0.0005762577056884766,
        0.002290691648210798,
        0.005332980837140765
      ],
      "min": [
        0.0,
        0.0,
        0.0,
        0.0019998550415039062,
        0.004375934600830078
      ],
      "max": [
        0.0,
        0.0,
        0.0010247230529785156,
        0.0030014514923095703,
        0.00800013542175293
      ],
      "std": [
        0.0,
        0.0,
        0.0004991065035614253,
        0.00044885741455357906,
        0.0011093905029633847
      ]
    },
    "Mixed": {
      "mean": [
        0.0,
        0.0,
        0.0004314354487827846,
        0.002716268811907087,
        0.005146026611328125
      ],
      "min": [
        0.0,
        0.0,
        0.0,
        0.002002239227294922,
        0.004998445510864258
      ],
      "max": [
        0.0,
        0.0,
        0.0010216236114501953,
        0.0030317306518554688,
        0.005998373031616211
      ],
      "std": [
        0.0,
        0.0,
        0.0004982270134198054,
        0.0004449443425880649,
        0.0003480758215718325
      ]
    },
    "Missing": {
      "mean": [
        0.0,
        0.00014284678867885044,
        0.0002853189195905413,
        0.0019983904702322824,
        0.0040002550397600445
      ],
      "min": [
        0.0,
        0.0,
        0.0,
        0.0019767284393310547,
        0.0029993057250976562
      ],
      "max": [
        0.0,
        0.0009999275207519531,
        0.0010242462158203125,
        0.0020241737365722656,
        0.004994630813598633
      ],
      "std": [
        0.0,
        0.00034990174365836043,
        0.00045133679163029695,
        1.5009515310376511e-05,
        0.0005332825854296154
      ]
    }
  },
  "stats_linear": {
    "Random": {
      "mean": [
        0.0055746691567557195,
        0.04742809704371861,
        0.48839010511125835,
        2.4204349177224294,
        4.864925282342093
      ],
      "min": [
        0.004974365234375,
        0.04697751998901367,
        0.4759981632232666,
        2.383711576461792,
        4.830746412277222
      ],
      "max": [
        0.008024454116821289,
        0.0480039119720459,
        0.5030925273895264,
        2.4600350856781006,
        4.953606367111206
      ],
      "std": [
        0.001058129216408517,
        0.0004886146399465533,
        0.010224524896033125,
        0.021753080824363363,
        0.03822683198293021
      ]
    },
    "Sequential": {
      "mean": [
        0.008571113858904158,
        0.051883152553013394,
        0.4813615935189383,
        2.4073599747249057,
        4.828620059149606
      ],
      "min": [
        0.0049741268157958984,
        0.04699826240539551,
        0.47109127044677734,
        2.384476900100708,
        4.799216270446777
      ],
      "max": [
        0.012998342514038086,
        0.0671851634979248,
        0.49779534339904785,
        2.4511070251464844,
        4.87740683555603
      ],
      "std": [
        0.002769800253343651,
        0.007034962282663613,
        0.007685158449850433,
        0.022065786725264713,
        0.028400297003855865
      ]
    },
    "Clustered": {
      "mean": [
        0.006285326821463448,
        0.047856739589146206,
        0.47784927913120817,
        2.415098633084978,
        4.877894639968872
      ],
      "min": [
        0.004996061325073242,
        0.046997785568237305,
        0.47299957275390625,
        2.401367425918579,
        4.819609880447388
      ],
      "max": [
        0.010003328323364258,
        0.049001455307006836,
        0.4857046604156494,
        2.425179958343506,
        4.920609951019287
      ],
      "std": [
        0.0016674702295989456,
        0.0006396115552995643,
        0.004017266699537835,
        0.00833532623412555,
        0.03912803091402363
      ]
    },
    "Mixed": {
      "mean": [
        0.005285944257463727,
        0.046710423060825894,
        0.47128547940935406,
        2.3604046276637485,
        4.742214611598423
      ],
      "min": [
        0.0039751529693603516,
        0.04596900939941406,
        0.46401262283325195,
        2.3278815746307373,
        4.695366144180298
      ],
      "max": [
        0.007024049758911133,
        0.04800009727478027,
        0.4790217876434326,
        2.3910422325134277,
        4.795645236968994
      ],
      "std": [
        0.0010405240059976333,
        0.0008749122820166768,
        0.00509541140956293,
        0.020655770782433084,
        0.03483531848293359
      ]
    },
    "Missing": {
      "mean": [
        0.0047141483851841515,
        0.04633780888148716,
        0.4587221826825823,
        2.3003924233572826,
        4.630325419562204
      ],
      "min": [
        0.004023551940917969,
        0.04499459266662598,
        0.4479553699493408,
        2.2860584259033203,
        4.568152904510498
      ],
      "max": [
        0.004999876022338867,
        0.05347728729248047,
        0.46829986572265625,
        2.3237690925598145,
        4.803284406661987
      ],
      "std": [
        0.0004350040311458087,
        0.002928671734460663,
        0.006251469114668207,
        0.012754838223075838,
        0.07583994374141687
      ]
    }
  }
}