{
  "search_sizes": [
    10,
    100,
    1000,
    5000,
    10000
  ],
  "stats_hash": {
    "Random": {
      "mean": [
        0.0,
        9.9945068359375e-05,
        0.0009212970733642578,
        0.003700447082519531,
        0.006799626350402832
      ],
      "min": [
        0.0,
        0.0,
        0.0,
        0.0029973983764648438,
        0.005997180938720703
      ],
      "max": [
        0.0,
        0.00099945068359375,
        0.0011968612670898438,
        0.004999399185180664,
        0.008001565933227539
      ],
      "std": [
        0.0,
        0.00029983520507812503,
        0.0003126053418946877,
        0.000640602485636412,
        0.0006011099984333876
      ]
    },
    "Sequential": {
      "mean": [
        0.0,
        0.0,
        0.0004002094268798828,
        0.0024065256118774416,
        0.004799461364746094
      ],
      "min": [
        0.0,
        0.0,
        0.0,
        0.0019991397857666016,
        0.003999948501586914
      ],
      "max": [
        0.0,
        0.0,
        0.001001119613647461,
        0.003020048141479492,
        0.0050029754638671875
      ],
      "std": [
        0.0,
        0.0,
        0.0004901545184344738,
        0.0004926328014330514,
        0.00039946198988348864
      ]
    },
    "Clustered": {
      "mean": [
        0.0,
        9.999275207519531e-05,
        0.0005000352859497071,
        0.002297639846801758,
        0.004500007629394532
      ],
      "min": [
        0.0,
        0.0,
        0.0,
        0.0019989013671875,
        0.0039975643157958984
      ],
      "max": [
        0.0,
        0.0009999275207519531,
        0.001004934310913086,
        0.003002643585205078,
        0.005002260208129883
      ],
      "std": [
        0.0,
        0.0002999782562255859,
        0.0005000396807533894,
        0.00045446362443177517,
        0.0004944325987979068
      ]
    },
    "Mixed": {
      "mean": [
        0.0,
        0.00020000934600830078,
        0.0005998373031616211,
        0.002503371238708496,
        0.005500578880310058
      ],
      "min": [
        0.0,
        0.0,
        0.0,
        0.001999378204345703,
        0.004997968673706055
      ],
      "max": [
        0.0,
        0.0010004043579101562,
        0.0010008811950683594,
        0.0030329227447509766,
        0.006008148193359375
      ],
      "std": [
        0.0,
        0.0004000187239895293,
        0.0004897660985115343,
        0.0005034112455145384,
        0.0005004239959880018
      ]
    },
    "Missing": {
      "mean": [
        0.0,
        0.00010001659393310547,
        0.0002998828887939453,
        0.001999783515930176,
        0.0042003154754638675
      ],
      "min": [
        0.0,
        0.0,
        0.0,
        0.0019974708557128906,
        0.0029993057250976562
      ],
      "max": [
        0.0,
        0.0010001659393310547,
        0.0010006427764892578,
        0.0020041465759277344,
        0.006997346878051758
      ],
      "std": [
        0.0,
        0.0003000497817993164,
        0.0004580789314916235,
        2.0976770614217885e-06,
        0.0009789915650565257
      ]
    }
  },
  "stats_linear": {
    "Random": {
      "mean": [
        0.005297374725341797,
        0.05021877288818359,
        0.5159719228744507,
        2.9359517335891723,
        5.032952308654785
      ],
      "min": [
        0.0039784908294677734,
        0.04764699935913086,
        0.49500226974487305,
        2.632234573364258,
        4.936862468719482
      ],
      "max": [
        0.005999088287353516,
        0.057001352310180664,
        0.5340015888214111,
        4.410572052001953,
        5.236110210418701
      ],
      "std": [
        0.0006440022635240466,
        0.0032150246606054583,
        0.011896967230046759,
        0.5289615722757524,
        0.08830604497498033
      ]
    },
    "Sequential": {
      "mean": [
        0.005100083351135254,
        0.05099959373474121,
        0.5404911279678345,
        2.6541088581085206,
        5.060228848457337
      ],
      "min": [
        0.004996061325073242,
        0.047976016998291016,
        0.48200035095214844,
        2.5105371475219727,
        4.939243793487549
      ],
      "max": [
        0.006001949310302734,
        0.05702567100524902,
        0.660999059677124,
        2.9645049571990967,
        5.153020858764648
      ],
      "std": [
        0.0003006276021918891,
        0.002871738152730911,
        0.05151508733405274,
        0.15151284705607085,
        0.06310869344791292
      ]
    },
    "Clustered": {
      "mean": [
        0.005399823188781738,
        0.05030014514923096,
        0.5612440824508667,
        2.5315696477890013,
        5.039572787284851
      ],
      "min": [
        0.00499725341796875,
        0.04799938201904297,
        0.5170121192932129,
        2.4709632396698,
        4.944940805435181
      ],
      "max": [
        0.006972074508666992,
        0.05397391319274902,
        0.5994670391082764,
        2.6942756175994873,
        5.200266361236572
      ],
      "std": [
        0.0006555014547905227,
        0.0019509377150853748,
        0.021766847727488048,
        0.06274800331895632,
        0.06983827400159322
      ]
    },
    "Mixed": {
      "mean": [
        0.005600857734680176,
        0.05280001163482666,
        0.5232468366622924,
        2.489375686645508,
        4.947972464561462
      ],
      "min": [
        0.003998756408691406,
        0.047998905181884766,
        0.4866313934326172,
        2.4301364421844482,
        4.822638511657715
      ],
      "max": [
        0.008002996444702148,
        0.08300256729125977,
        0.5645639896392822,
        2.6088716983795166,
        5.0958251953125
      ],
      "std": [
        0.0011136087194042394,
        0.010147722574315817,
        0.022456142334042285,
        0.0480640720230878,
        0.09575699076288216
      ]
    },
    "Missing": {
      "mean": [
        0.005399656295776367,
        0.055244159698486325,
        0.5039805173873901,
        2.3996297121047974,
        4.810283493995667
      ],
      "min": [
        0.004000663757324219,
        0.047998905181884766,
        0.48102593421936035,
        2.334014654159546,
        4.652884483337402
      ],
      "max": [
        0.00700068473815918,
        0.07159972190856934,
        0.547889232635498,
        2.5025057792663574,
        4.941718101501465
      ],
      "std": [
        0.0008000686316322625,
        0.006861313105559512,
        0.01871724974030517,
        0.04403505346054524,
        0.0861863305374255
      ]
    }
  }
}